style_id,F01,F02,F03,F04,F05,F06,F07,F08,F09,F10,P01,P02,P03,P04,P05,P06,P07,P08,P09,P10,P11,P12,P13,P14,P15,P16,P17,P18,P19,P20,P21,P22,P23,P24,P25,P26,P27,P28,P29,P30,persona_score,channel_score,price_value_score,natural_score,live_score,is_main_push,is_live_stream,sales,grade_num,grade_norm
T251001,5.7,4.7,5.3,6.0,5.5,6.5,5.3,5.7,7.5,7.4,6.4,7.2,3.8,5.5,4.3,4.5,6.0,5.1,5.6,5.7,3.5,7.7,5.8,7.7,5.2,7.6,7.5,6.2,4.0,6.2,4.8,5.3,7.7,6.5,6.0,7.0,7.2,7.1,6.0,4.8,5.86,7.804,5.791500000000001,7.14,8.468,1.0,1.0,0.0,-1.0,
T251002,5.7,4.6,6.2,4.8,7.8,5.5,7.6,4.5,5.4,6.1,3.8,7.9,7.4,5.7,5.7,7.0,5.3,3.4,6.0,5.0,5.5,5.9,7.0,7.0,4.1,7.0,6.5,4.3,7.0,7.1,6.6,7.9,6.9,7.6,6.2,5.6,3.7,7.4,4.9,6.4,5.88,7.9052999999999995,4.395,7.49,8.320599999999999,0.0,0.0,0.0,-1.0,
T251003,4.7,4.2,6.8,7.0,5.1,5.9,6.8,6.9,4.1,7.7,7.8,6.7,3.9,5.1,7.6,4.1,6.6,4.3,5.1,7.9,4.6,3.8,4.0,6.1,3.8,7.0,3.8,7.9,7.3,5.1,5.2,4.7,4.5,4.4,4.7,5.2,6.7,6.0,7.9,7.7,5.66,7.9765,6.8089,6.74,9.213,0.0,0.0,0.0,-1.0,
T251004,5.2,4.0,6.9,5.9,6.0,4.8,6.3,5.6,5.9,6.9,4.0,6.5,7.4,3.4,6.5,3.6,4.2,6.5,6.3,4.3,3.9,7.5,5.8,5.9,4.2,6.3,5.8,4.8,4.4,6.7,6.9,7.7,3.6,4.7,5.4,5.1,4.0,5.0,3.7,7.6,5.26,7.527099999999999,5.5912,6.704999999999999,8.3492,0.0,1.0,0.0,-1.0,
T251005,4.4,4.7,7.0,4.6,7.3,5.7,7.3,4.8,6.3,5.6,4.5,7.1,7.8,6.8,7.6,3.8,6.6,3.6,4.7,5.0,5.7,4.3,5.9,3.7,6.4,5.3,7.1,6.2,6.2,4.1,6.7,6.1,7.9,7.8,3.7,7.0,3.9,5.5,5.9,6.9,5.74,7.8276,4.504,7.9,7.7552,0.0,0.0,0.0,-1.0,
T251006,7.0,7.6,6.2,7.3,5.8,7.0,4.5,7.6,6.4,5.8,5.8,5.0,3.8,6.7,6.3,5.7,5.3,4.0,5.3,8.1,3.9,4.8,4.7,7.5,7.9,6.5,8.2,5.1,4.1,7.3,4.3,4.7,4.3,4.7,7.5,6.6,6.0,7.9,4.5,6.6,5.91,8.4259,7.556,8.01,8.841800000000001,1.0,0.0,0.0,-1.0,
T251007,5.4,6.5,7.0,6.1,4.7,5.4,4.6,7.2,4.2,7.4,6.7,6.6,3.8,4.0,5.4,5.3,3.7,5.3,5.9,5.3,4.5,7.6,4.7,5.1,6.4,3.7,6.8,5.5,3.5,3.9,5.6,7.2,7.5,4.6,6.4,5.0,6.6,7.4,3.6,7.7,5.62,7.4564,6.5008,6.595000000000001,8.3178,0.0,1.0,0.0,-1.0,
T251008,6.5,6.2,6.6,6.3,6.9,4.6,6.6,7.1,6.9,4.9,5.9,3.7,5.7,7.9,4.5,6.0,6.0,5.4,6.2,3.8,7.3,4.2,4.7,5.5,4.2,7.7,6.8,4.3,5.4,4.2,7.7,7.8,4.7,7.1,6.9,4.3,7.5,4.0,4.1,6.0,5.77,8.0662,6.7445,7.669999999999999,8.4624,0.0,0.0,0.0,-1.0,
T251009,7.2,7.3,5.2,7.0,6.7,6.0,4.9,6.6,7.1,4.7,4.2,4.7,3.8,5.8,5.9,6.2,5.6,4.2,7.5,4.5,4.3,5.8,5.8,4.5,6.2,4.7,6.3,4.6,7.9,7.6,6.5,5.6,5.8,4.5,6.9,6.4,4.2,6.5,6.9,7.1,5.63,8.044,6.832600000000001,7.6499999999999995,8.438,0.0,0.0,0.0,-1.0,
T251010,4.5,4.1,4.7,8.0,6.0,7.5,4.2,7.8,6.2,6.0,7.5,6.0,5.0,6.2,3.8,6.7,4.6,7.5,7.8,7.7,4.8,5.1,7.3,4.7,5.3,5.0,3.6,6.8,5.8,4.2,4.8,7.8,3.7,5.0,4.2,5.2,5.6,5.4,6.1,7.0,5.68,7.9125,8.0516,6.6000000000000005,9.225,0.0,1.0,0.0,-1.0,
